address_uuid,person_uuid
0.0,0.0
0.0,218.0
0.0,874.0
0.0,845.0
0.0,742.0
0.0,189.0
0.0,133.0
0.0,500.0
0.0,954.0
0.0,400.0
1.0,1.0
1.0,941.0
1.0,126.0
1.0,173.0
1.0,711.0
1.0,417.0
1.0,490.0
1.0,874.0
1.0,36.0
1.0,958.0
2.0,2.0
2.0,643.0
2.0,165.0
2.0,340.0
2.0,564.0
2.0,730.0
2.0,798.0
2.0,358.0
2.0,896.0
2.0,498.0
3.0,3.0
3.0,660.0
3.0,185.0
3.0,830.0
3.0,797.0
3.0,677.0
3.0,2.0
3.0,911.0
3.0,609.0
3.0,929.0
4.0,4.0
4.0,451.0
4.0,300.0
4.0,351.0
4.0,184.0
4.0,853.0
4.0,596.0
4.0,941.0
4.0,996.0
4.0,553.0
5.0,5.0
5.0,208.0
5.0,256.0
5.0,870.0
5.0,717.0
5.0,887.0
5.0,3.0
5.0,588.0
5.0,889.0
5.0,694.0
6.0,6.0
6.0,654.0
6.0,524.0
6.0,142.0
6.0,32.0
6.0,832.0
6.0,786.0
6.0,159.0
6.0,762.0
6.0,185.0
7.0,7.0
7.0,425.0
7.0,828.0
7.0,627.0
7.0,424.0
7.0,323.0
7.0,928.0
7.0,629.0
7.0,383.0
7.0,778.0
8.0,8.0
8.0,820.0
8.0,560.0
8.0,393.0
8.0,409.0
8.0,953.0
8.0,36.0
8.0,245.0
8.0,515.0
8.0,44.0
9.0,9.0
9.0,44.0
9.0,601.0
9.0,75.0
9.0,298.0
9.0,37.0
9.0,273.0
9.0,625.0
9.0,357.0
9.0,829.0
10.0,10.0
10.0,220.0
10.0,454.0
10.0,613.0
10.0,490.0
10.0,735.0
10.0,588.0
10.0,178.0
10.0,277.0
10.0,495.0
11.0,11.0
11.0,494.0
11.0,199.0
11.0,100.0
11.0,305.0
11.0,753.0
11.0,723.0
11.0,267.0
11.0,222.0
11.0,399.0
12.0,12.0
12.0,91.0
12.0,304.0
12.0,217.0
12.0,906.0
12.0,245.0
12.0,847.0
12.0,345.0
12.0,565.0
12.0,935.0
13.0,13.0
13.0,592.0
13.0,331.0
13.0,289.0
13.0,588.0
13.0,644.0
13.0,366.0
13.0,469.0
13.0,735.0
13.0,13.0
14.0,14.0
14.0,393.0
14.0,766.0
14.0,28.0
14.0,380.0
14.0,535.0
14.0,543.0
14.0,179.0
14.0,630.0
14.0,771.0
15.0,15.0
15.0,729.0
15.0,408.0
15.0,364.0
15.0,175.0
15.0,226.0
15.0,963.0
15.0,280.0
15.0,667.0
15.0,750.0
16.0,16.0
16.0,676.0
16.0,63.0
16.0,640.0
16.0,59.0
16.0,833.0
16.0,609.0
16.0,235.0
16.0,495.0
16.0,129.0
17.0,17.0
17.0,417.0
17.0,546.0
17.0,150.0
17.0,131.0
17.0,628.0
17.0,633.0
17.0,102.0
17.0,330.0
17.0,657.0
18.0,18.0
18.0,906.0
18.0,134.0
18.0,220.0
18.0,241.0
18.0,786.0
18.0,472.0
18.0,729.0
18.0,402.0
18.0,550.0
19.0,19.0
19.0,733.0
19.0,825.0
19.0,153.0
19.0,729.0
19.0,64.0
19.0,594.0
19.0,20.0
19.0,154.0
19.0,825.0
20.0,20.0
20.0,998.0
20.0,307.0
20.0,177.0
20.0,774.0
20.0,5.0
20.0,950.0
20.0,407.0
20.0,842.0
20.0,613.0
21.0,21.0
21.0,178.0
21.0,488.0
21.0,810.0
21.0,696.0
21.0,33.0
21.0,774.0
21.0,365.0
21.0,681.0
21.0,172.0
22.0,22.0
22.0,156.0
22.0,203.0
22.0,700.0
22.0,97.0
22.0,169.0
22.0,606.0
22.0,502.0
22.0,637.0
22.0,167.0
23.0,23.0
23.0,442.0
23.0,552.0
23.0,624.0
23.0,499.0
23.0,491.0
23.0,384.0
23.0,924.0
23.0,533.0
23.0,83.0
24.0,24.0
24.0,770.0
24.0,479.0
24.0,715.0
24.0,958.0
24.0,207.0
24.0,723.0
24.0,842.0
24.0,430.0
24.0,879.0
25.0,25.0
25.0,926.0
25.0,770.0
25.0,926.0
25.0,227.0
25.0,828.0
25.0,76.0
25.0,454.0
25.0,653.0
25.0,69.0
26.0,26.0
26.0,695.0
26.0,36.0
26.0,656.0
26.0,278.0
26.0,949.0
26.0,176.0
26.0,157.0
26.0,597.0
26.0,965.0
27.0,27.0
27.0,814.0
27.0,665.0
27.0,697.0
27.0,712.0
27.0,584.0
27.0,767.0
27.0,835.0
27.0,547.0
27.0,516.0
28.0,28.0
28.0,119.0
28.0,553.0
28.0,735.0
28.0,719.0
28.0,233.0
28.0,272.0
28.0,982.0
28.0,583.0
28.0,61.0
29.0,29.0
29.0,339.0
29.0,644.0
29.0,879.0
29.0,339.0
29.0,681.0
29.0,912.0
29.0,55.0
29.0,767.0
29.0,918.0
30.0,30.0
30.0,97.0
30.0,423.0
30.0,59.0
30.0,950.0
30.0,247.0
30.0,881.0
30.0,16.0
30.0,219.0
30.0,223.0
31.0,31.0
31.0,467.0
31.0,151.0
31.0,795.0
31.0,566.0
31.0,272.0
31.0,570.0
31.0,500.0
31.0,461.0
31.0,866.0
32.0,32.0
32.0,82.0
32.0,179.0
32.0,474.0
32.0,631.0
32.0,226.0
32.0,990.0
32.0,170.0
32.0,174.0
32.0,608.0
33.0,33.0
33.0,246.0
33.0,808.0
33.0,75.0
33.0,383.0
33.0,620.0
33.0,526.0
33.0,142.0
33.0,859.0
33.0,341.0
34.0,34.0
34.0,696.0
34.0,386.0
34.0,134.0
34.0,366.0
34.0,17.0
34.0,137.0
34.0,218.0
34.0,27.0
34.0,114.0
35.0,35.0
35.0,889.0
35.0,463.0
35.0,58.0
35.0,288.0
35.0,479.0
35.0,333.0
35.0,526.0
35.0,369.0
35.0,923.0
36.0,36.0
36.0,971.0
36.0,840.0
36.0,846.0
36.0,647.0
36.0,722.0
36.0,479.0
36.0,497.0
36.0,118.0
36.0,751.0
37.0,37.0
37.0,214.0
37.0,178.0
37.0,583.0
37.0,347.0
37.0,823.0
37.0,817.0
37.0,413.0
37.0,807.0
37.0,647.0
38.0,38.0
38.0,84.0
38.0,517.0
38.0,662.0
38.0,154.0
38.0,62.0
38.0,489.0
38.0,350.0
38.0,182.0
38.0,499.0
39.0,39.0
39.0,474.0
39.0,408.0
39.0,349.0
39.0,326.0
39.0,585.0
39.0,309.0
39.0,778.0
39.0,446.0
39.0,173.0
40.0,40.0
40.0,553.0
40.0,863.0
40.0,226.0
40.0,790.0
40.0,645.0
40.0,705.0
40.0,914.0
40.0,71.0
40.0,938.0
41.0,41.0
41.0,936.0
41.0,797.0
41.0,994.0
41.0,343.0
41.0,862.0
41.0,359.0
41.0,119.0
41.0,290.0
41.0,868.0
42.0,42.0
42.0,45.0
42.0,730.0
42.0,195.0
42.0,805.0
42.0,237.0
42.0,663.0
42.0,927.0
42.0,928.0
42.0,641.0
43.0,43.0
43.0,85.0
43.0,32.0
43.0,906.0
43.0,90.0
43.0,169.0
43.0,90.0
43.0,153.0
43.0,801.0
43.0,126.0
44.0,44.0
44.0,750.0
44.0,109.0
44.0,805.0
44.0,922.0
44.0,121.0
44.0,599.0
44.0,645.0
44.0,953.0
44.0,431.0
45.0,45.0
45.0,156.0
45.0,940.0
45.0,8.0
45.0,651.0
45.0,962.0
45.0,323.0
45.0,995.0
45.0,975.0
45.0,925.0
46.0,46.0
46.0,154.0
46.0,45.0
46.0,9.0
46.0,887.0
46.0,86.0
46.0,649.0
46.0,567.0
46.0,199.0
46.0,750.0
47.0,47.0
47.0,275.0
47.0,91.0
47.0,292.0
47.0,425.0
47.0,200.0
47.0,888.0
47.0,332.0
47.0,58.0
47.0,798.0
48.0,48.0
48.0,391.0
48.0,485.0
48.0,33.0
48.0,6.0
48.0,542.0
48.0,559.0
48.0,640.0
48.0,322.0
48.0,246.0
49.0,49.0
49.0,158.0
49.0,691.0
49.0,489.0
49.0,448.0
49.0,822.0
49.0,54.0
49.0,699.0
49.0,869.0
49.0,279.0
